{
    "loss": 0.26450416445732117,
    "accuracy": 0.9120879173278809
}