{
    "loss": 0.4913333058357239,
    "accuracy": 0.7802197933197021
}